username,firstname,lastname,email
mak1,am1,kam1,mak1@exemple.com
mak2,am2,kam2,mak2@exemple.com
mak3,am3,kam3,mak3@exemple.com
mak4,am4,kam4,mak4@exemple.com
mak5,am5,kam5,mak5@exemple.com
mak6,am6,kam6,mak6@exemple.com
mak7,am7,kam7,mak7@exemple.com
mak8,am8,kam8,mak8@exemple.com
mak9,am9,kam9,mak9@exemple.com
mak10,am10,kam10,mak10@exemple.com
mak11,am11,kam11,mak11@exemple.com
mak12,am12,kam12,mak12@exemple.com
mak13,am13,kam13,mak13@exemple.com
mak14,am14,kam14,mak14@exemple.com
mak15,am15,kam15,mak15@exemple.com
mak16,am16,kam16,mak16@exemple.com
mak17,am17,kam17,mak17@exemple.com
mak18,am18,kam18,mak18@exemple.com
mak19,am19,kam19,mak19@exemple.com
mak20,am20,kam20,mak20@exemple.com
mak21,am21,kam21,mak21@exemple.com
mak22,am22,kam22,mak22@exemple.com
mak23,am23,kam23,mak23@exemple.com
mak24,am24,kam24,mak24@exemple.com
mak25,am25,kam25,mak25@exemple.com
mak26,am26,kam26,mak26@exemple.com
mak27,am27,kam27,mak27@exemple.com
mak28,am28,kam28,mak28@exemple.com
mak29,am29,kam29,mak29@exemple.com
mak30,am30,kam30,mak30@exemple.com
